amfi_code,risk_grade,sharpe_ratio
120842,Low,3.0586646480346804
125498,Low,2.9500215400154017
118634,Low,2.934098025808378
