amfi_code,risk_grade,sharpe_ratio
120507,High,14.584281933092893
120844,High,14.144869008048502
101208,High,13.952418146504588
