amfi_code,risk_grade,sharpe_ratio
148569,Moderate,4.30722873150122
118632,Moderate,2.6505235791942376
125497,Moderate,2.159343472803809
